<?xml version="1.0" encoding="UTF-8"?>
<project-private xmlns="http://www.netbeans.org/ns/project-private/1">
    <editor-bookmarks xmlns="http://www.netbeans.org/ns/editor-bookmarks/2" lastBookmarkId="0"/>
    <open-files xmlns="http://www.netbeans.org/ns/projectui-open-files/2">
        <group name="Default">
            <file>file:/D:/OneDrive/Projects/HTBLA%20neu/POS3/Java%208/10%20H%20Blockchain/src/net/htlgrieskirchen/pos3/blockchain/mining/MyMiner.java</file>
            <file>file:/D:/OneDrive/Projects/HTBLA%20neu/POS3/Java%208/10%20H%20Blockchain/src/net/htlgrieskirchen/pos3/blockchain/mining/Worker.java</file>
            <file>file:/D:/OneDrive/Projects/HTBLA%20neu/POS3/Java%208/10%20H%20Blockchain/src/net/htlgrieskirchen/pos3/blockchain/chain/Block.java</file>
            <file>file:/D:/OneDrive/Projects/HTBLA%20neu/POS3/Java%208/10%20H%20Blockchain/src/net/htlgrieskirchen/pos3/blockchain/demo/Demo.java</file>
            <file>file:/D:/OneDrive/Projects/HTBLA%20neu/POS3/Java%208/10%20H%20Blockchain/src/net/htlgrieskirchen/pos3/blockchain/mining/MinerSerial.java</file>
            <file>file:/D:/OneDrive/Projects/HTBLA%20neu/POS3/Java%208/10%20H%20Blockchain/src/net/htlgrieskirchen/pos3/blockchain/mining/MinerParallel.java</file>
            <file>file:/D:/OneDrive/Projects/HTBLA%20neu/POS3/Java%208/10%20H%20Blockchain/src/net/htlgrieskirchen/pos3/blockchain/mining/Miner.java</file>
            <file>file:/D:/OneDrive/Projects/HTBLA%20neu/POS3/Java%208/10%20H%20Blockchain/src/net/htlgrieskirchen/pos3/blockchain/chain/MiningBlock.java</file>
        </group>
    </open-files>
</project-private>
