<?xml version="1.0" encoding="UTF-8"?>
<project-private xmlns="http://www.netbeans.org/ns/project-private/1">
    <editor-bookmarks xmlns="http://www.netbeans.org/ns/editor-bookmarks/2" lastBookmarkId="0"/>
    <open-files xmlns="http://www.netbeans.org/ns/projectui-open-files/2">
        <group>
            <file>file:/C:/Users/Florian/Hausuebung/Hausuebung%203/test/StreamsTest.java</file>
            <file>file:/C:/Users/Florian/Hausuebung/Hausuebung%203/src/hausuebung/pkg3/Weapon.java</file>
            <file>file:/C:/Users/Florian/Hausuebung/Hausuebung%203/src/hausuebung/pkg3/Hausuebung3.java</file>
            <file>file:/C:/Users/Florian/Hausuebung/Hausuebung%203/src/hausuebung/pkg3/Streams.java</file>
            <file>file:/C:/Users/Florian/Hausuebung/Hausuebung%203/src/hausuebung/pkg3/Printable.java</file>
            <file>file:/C:/Users/Florian/Hausuebung/Hausuebung%203/src/hausuebung/pkg3/WeaponsReader.java</file>
            <file>file:/C:/Users/Florian/Hausuebung/Hausuebung%203/src/hausuebung/pkg3/DamageType.java</file>
            <file>file:/C:/Users/Florian/Hausuebung/Hausuebung%203/src/hausuebung/pkg3/CombatType.java</file>
        </group>
    </open-files>
</project-private>
